{
  "max": {
    "stats": {
      "shape": [
        1,
        1500,
        384
      ],
      "mean": 0.6923409104347229,
      "std": 1.3380292654037476,
      "min": -11.330724716186523,
      "max": 16.045530319213867,
      "first_10_values": [
        0.11698460578918457,
        0.708035945892334,
        0.591484785079956,
        0.11034119129180908,
        0.34910380840301514,
        0.47099506855010986,
        -0.19663691520690918,
        0.7563602924346924,
        0.6981101036071777,
        -0.5010651350021362
      ]
    }
  },
  "openai": null
}