{
  "max": {
    "stats": {
      "shape": [
        1,
        1500,
        384
      ],
      "mean": 0.03095380961894989,
      "std": 1.447475790977478,
      "min": -17.48649787902832,
      "max": 18.738767623901367,
      "first_10_values": [
        0.0928867906332016,
        0.10491552948951721,
        0.014554979279637337,
        -0.03567011281847954,
        0.11121653020381927,
        -0.06989774852991104,
        -0.05330779403448105,
        1.372922420501709,
        -0.02244173362851143,
        0.15485286712646484
      ]
    }
  },
  "openai": {
    "stats": {
      "shape": [
        1,
        1500,
        384
      ],
      "mean": 0.03094135969877243,
      "std": 1.4479784965515137,
      "min": -17.488283157348633,
      "max": 18.757394790649414,
      "first_10_values": [
        0.09319789707660675,
        0.10496969521045685,
        0.014491922222077847,
        -0.0355055034160614,
        0.11174935847520828,
        -0.06955710053443909,
        -0.05365563556551933,
        1.3729535341262817,
        -0.0224761925637722,
        0.1551443338394165
      ]
    }
  },
  "comparison": {
    "shape_match": true,
    "l2_norm": 4.2487287521362305,
    "cosine_similarity": 0.9999925494194031,
    "mean_abs_diff": 0.002603115513920784,
    "max_abs_diff": 0.9330909252166748,
    "max_stats": {
      "shape": [
        1,
        1500,
        384
      ],
      "mean": 0.03095380961894989,
      "std": 1.447475790977478,
      "min": -17.48649787902832,
      "max": 18.738767623901367,
      "first_10_values": [
        0.0928867906332016,
        0.10491552948951721,
        0.014554979279637337,
        -0.03567011281847954,
        0.11121653020381927,
        -0.06989774852991104,
        -0.05330779403448105,
        1.372922420501709,
        -0.02244173362851143,
        0.15485286712646484
      ]
    },
    "openai_stats": {
      "shape": [
        1,
        1500,
        384
      ],
      "mean": 0.03094135969877243,
      "std": 1.4479784965515137,
      "min": -17.488283157348633,
      "max": 18.757394790649414,
      "first_10_values": [
        0.09319789707660675,
        0.10496969521045685,
        0.014491922222077847,
        -0.0355055034160614,
        0.11174935847520828,
        -0.06955710053443909,
        -0.05365563556551933,
        1.3729535341262817,
        -0.0224761925637722,
        0.1551443338394165
      ]
    },
    "mean_shift": 1.2449920177459717e-05,
    "std_ratio": 0.9996528029441833
  },
  "first_values_analysis": {
    "max_first_10": [
      0.0928867906332016,
      0.10491552948951721,
      0.014554979279637337,
      -0.03567011281847954,
      0.11121653020381927,
      -0.06989774852991104,
      -0.05330779403448105,
      1.372922420501709,
      -0.02244173362851143,
      0.15485286712646484
    ],
    "openai_first_10": [
      0.09319789707660675,
      0.10496969521045685,
      0.014491922222077847,
      -0.0355055034160614,
      0.11174935847520828,
      -0.06955710053443909,
      -0.05365563556551933,
      1.3729535341262817,
      -0.0224761925637722,
      0.1551443338394165
    ],
    "differences": [
      -0.00031110644340515137,
      -5.416572093963623e-05,
      6.30570575594902e-05,
      -0.0001646094024181366,
      -0.0005328282713890076,
      -0.00034064799547195435,
      0.0003478415310382843,
      -3.1113624572753906e-05,
      3.4458935260772705e-05,
      -0.00029146671295166016
    ]
  }
}