{
  "max": {
    "stats": {
      "shape": [
        1,
        1500,
        384
      ],
      "mean": 0.018121186643838882,
      "std": 1.7082034349441528,
      "min": -8.726207733154297,
      "max": 16.407899856567383,
      "first_10_values": [
        -0.19959016144275665,
        0.005494114011526108,
        -0.9296010136604309,
        -0.27925363183021545,
        -0.19400173425674438,
        -1.0082058906555176,
        -1.2577859163284302,
        0.02926420234143734,
        -0.7155776619911194,
        -0.3917500078678131
      ]
    }
  },
  "openai": null
}