{
  "max": {
    "stats": {
      "shape": [
        1,
        1500,
        384
      ],
      "mean": 0.00228002667427063,
      "std": 1.4743987321853638,
      "min": -16.08758544921875,
      "max": 12.597954750061035,
      "first_10_values": [
        -0.4656521677970886,
        0.08762484043836594,
        -0.835983157157898,
        -0.4564753770828247,
        -0.26619186997413635,
        -0.9609293937683105,
        -1.8246212005615234,
        0.2666914761066437,
        -0.602503776550293,
        -1.3237721920013428
      ]
    }
  },
  "openai": null
}