{
  "openai_layers": {
    "conv1": {
      "shape": [
        1,
        384,
        3000
      ],
      "mean": 0.037497639656066895,
      "std": 0.18440136313438416,
      "first_10": [
        -0.16983316838741302,
        -0.169968381524086,
        -0.16990885138511658,
        -0.16956980526447296,
        -0.16890846192836761,
        -0.16816943883895874,
        -0.1676064282655716,
        -0.16706989705562592,
        -0.1683015674352646,
        -0.16972720623016357
      ]
    },
    "conv2": {
      "shape": [
        1,
        384,
        1500
      ],
      "mean": 0.07340376079082489,
      "std": 0.348577618598938,
      "first_10": [
        -0.16727516055107117,
        -0.15279977023601532,
        -0.16113801300525665,
        -0.15146902203559875,
        -0.15925122797489166,
        -0.16354313492774963,
        -0.15460996329784393,
        -0.13847120106220245,
        -0.1112431213259697,
        -0.10016714036464691
      ]
    },
    "pos_embed": {
      "shape": [
        1,
        1500,
        384
      ],
      "mean": 0.28112590312957764,
      "std": 0.752689003944397,
      "first_10": [
        -0.16727516055107117,
        -0.00021319399820640683,
        -0.13144774734973907,
        -0.13446864485740662,
        0.04676032066345215,
        0.17235513031482697,
        -0.12811903655529022,
        -0.15207836031913757,
        -0.0679486021399498,
        -0.016150372102856636
      ]
    },
    "layer_0": {
      "shape": [
        1,
        1500,
        384
      ],
      "mean": 0.380414217710495,
      "std": 0.23811344802379608,
      "first_10": [
        0.08985340595245361,
        0.8888953924179077,
        0.28384172916412354,
        -0.13091449439525604,
        0.5288548469543457,
        0.547683596611023,
        0.4377143979072571,
        0.32108309864997864,
        -0.07784992456436157,
        0.6026957035064697
      ]
    },
    "layer_1": {
      "shape": [
        1,
        1500,
        384
      ],
      "mean": 0.39528363943099976,
      "std": 0.4115944802761078,
      "first_10": [
        -0.4113372266292572,
        0.5912699103355408,
        0.26327192783355713,
        -0.7346408367156982,
        0.7821321487426758,
        0.6353973150253296,
        1.3898975849151611,
        0.3782370686531067,
        -0.4193381071090698,
        0.8688837885856628
      ]
    },
    "layer_2": {
      "shape": [
        1,
        1500,
        384
      ],
      "mean": 0.39411231875419617,
      "std": 1.4339385032653809,
      "first_10": [
        -1.3543086051940918,
        0.4578435719013214,
        -0.41269248723983765,
        -1.9563028812408447,
        1.1032278537750244,
        0.7107343673706055,
        1.7172389030456543,
        0.16314738988876343,
        -0.9206695556640625,
        0.37749552726745605
      ]
    },
    "layer_3": {
      "shape": [
        1,
        1500,
        384
      ],
      "mean": 0.3785538375377655,
      "std": 2.08542799949646,
      "first_10": [
        -0.48983561992645264,
        -1.0253227949142456,
        3.707221746444702,
        -1.5973225831985474,
        -0.6902308464050293,
        1.4010730981826782,
        6.06409215927124,
        7.818080902099609,
        2.1399714946746826,
        0.698298990726471
      ]
    },
    "ln_post": {
      "shape": [
        1,
        1500,
        384
      ],
      "mean": 0.03094135969877243,
      "std": 1.4479784965515137,
      "first_10": [
        0.09319789707660675,
        0.10496969521045685,
        0.014491922222077847,
        -0.0355055034160614,
        0.11174935847520828,
        -0.06955710053443909,
        -0.05365563556551933,
        1.3729535341262817,
        -0.0224761925637722,
        0.1551443338394165
      ]
    }
  },
  "maxgraph_layers": {
    "final_output": {
      "shape": [
        1,
        1500,
        384
      ],
      "mean": 0.00866706669330597,
      "std": 0.40529322624206543,
      "first_10": [
        0.026008302345871925,
        0.029376348480582237,
        0.004075394012033939,
        -0.009987631812691689,
        0.031140629202127457,
        -0.019571369513869286,
        -0.014926182106137276,
        0.3844182789325714,
        -0.006283685564994812,
        0.043358802795410156
      ]
    }
  },
  "comparisons": {
    "final": {
      "openai": {
        "shape": [
          1,
          1500,
          384
        ],
        "mean": 0.03094135969877243,
        "std": 1.4479784965515137,
        "first_10": [
          0.09319789707660675,
          0.10496969521045685,
          0.014491922222077847,
          -0.0355055034160614,
          0.11174935847520828,
          -0.06955710053443909,
          -0.05365563556551933,
          1.3729535341262817,
          -0.0224761925637722,
          0.1551443338394165
        ]
      },
      "maxgraph": {
        "shape": [
          1,
          1500,
          384
        ],
        "mean": 0.00866706669330597,
        "std": 0.40529322624206543,
        "first_10": [
          0.026008302345871925,
          0.029376348480582237,
          0.004075394012033939,
          -0.009987631812691689,
          0.031140629202127457,
          -0.019571369513869286,
          -0.014926182106137276,
          0.3844182789325714,
          -0.006283685564994812,
          0.043358802795410156
        ]
      },
      "mean_diff": -0.02227429300546646,
      "std_diff": -1.0426852703094482,
      "value_diffs": [
        -0.06718959473073483,
        -0.07559334672987461,
        -0.010416528210043907,
        0.025517871603369713,
        -0.08060872927308083,
        0.0499857310205698,
        0.03872945345938206,
        -0.9885352551937103,
        0.01619250699877739,
        -0.11178553104400635
      ]
    }
  }
}